{
	"credit": "Made with Blockbench",
	"parent": "block/block",
	"textures": {
		"0": "block/cherry_leaves",
		"2": "block/cherry_leaves_bushy_extra",
		"particle": "block/cherry_leaves"
	},
	"elements": [
		{
			"from": [0, 0, 0],
			"to": [16, 16, 16],
			"faces": {
				"north": {"uv": [0, 0, 16, 16], "texture": "#0", "cullface": "north"},
				"east": {"uv": [0, 0, 16, 16], "texture": "#0", "cullface": "east"},
				"south": {"uv": [0, 0, 16, 16], "texture": "#0", "cullface": "south"},
				"west": {"uv": [0, 0, 16, 16], "texture": "#0", "cullface": "west"},
				"up": {"uv": [0, 0, 16, 16], "texture": "#0", "cullface": "up"},
				"down": {"uv": [16, 16, 0, 0], "texture": "#0", "cullface": "down"}
			}
		},
		{
			"from": [-9, -16, 8],
			"to": [23, 16, 8],
			"shade": false,
			"rotation": {"angle": 0, "axis": "y", "origin": [-6.8125, -8, 1.875]},
			"faces": {
				"north": {"uv": [0, 0, 16, 16], "texture": "#2"},
				"south": {"uv": [0, 0, 16, 16], "texture": "#2"}
			}
		},
		{
			"from": [7.0625, -16, -7.3125],
			"to": [7.0625, 16, 24.6875],
			"shade": false,
			"rotation": {"angle": 0, "axis": "y", "origin": [-6.8125, -8, 1.875]},
			"faces": {
				"east": {"uv": [0, 0, 16, 16], "texture": "#2"},
				"west": {"uv": [0, 0, 16, 16], "texture": "#2"}
			}
		}
	]
}