{
	"credit": "Made with Blockbench",
	"textures": {
		"0": "block/moss_carpet_sides",
		"1": "block/moss_block",
		"particle": "block/moss_block"
	},
	"elements": [
		{
			"from": [-0.09, 0.03, -0.09],
			"to": [16.09, 1.03, 16.09],
			"faces": {
				"north": {"uv": [0, 0, 16, 1], "texture": "#1"},
				"east": {"uv": [0, 0, 16, 1], "texture": "#1"},
				"south": {"uv": [0, 0, 16, 1], "texture": "#1"},
				"west": {"uv": [0, 0, 16, 1], "texture": "#1"},
				"up": {"uv": [0, 0, 16, 16], "texture": "#1"},
				"down": {"uv": [0, 0, 16, 16], "texture": "#1", "cullface": "down"}
			}
		},
		{
			"from": [-0.09, -15.97, -0.09],
			"to": [16.09, 0.03, -0.09],
			"faces": {
				"north": {"uv": [0, 1, 16, 16], "texture": "#0", "cullface": "north"},
				"south": {"uv": [16, 0, 0, 16], "texture": "#0", "cullface": "north"}
			}
		},
		{
			"from": [-0.09, -15.97, 16.09],
			"to": [16.09, 0.03, 16.09],
			"faces": {
				"north": {"uv": [16, 0, 0, 16], "texture": "#0", "cullface": "south"},
				"south": {"uv": [0, 1, 16, 16], "texture": "#0", "cullface": "south"}
			}
		},
		{
			"from": [16.09, -15.97, -0.09],
			"to": [16.09, 0.03, 16.09],
			"faces": {
				"east": {"uv": [0, 1, 16, 16], "texture": "#0", "cullface": "east"},
				"west": {"uv": [16, 0, 0, 16], "texture": "#0", "cullface": "east"}
			}
		},
		{
			"from": [-0.09, -15.97, -0.09],
			"to": [-0.09, 0.03, 16.09],
			"faces": {
				"east": {"uv": [16, 0, 0, 16], "texture": "#0", "cullface": "west"},
				"west": {"uv": [0, 1, 16, 16], "texture": "#0", "cullface": "west"}
			}
		}
	]
}