{
	"credit": "Made with Blockbench",
	"parent": "block/block",
	"textures": {
		"0": "block/nether_wart_block",
		"1": "block/nether_wart_block_bushy",
		"particle": "block/nether_wart_block"
	},
	"elements": [
		{
			"from": [0, 0, 0],
			"to": [16, 16, 16],
			"faces": {
				"north": {"uv": [0, 0, 16, 16], "texture": "#0", "cullface": "north"},
				"east": {"uv": [0, 0, 16, 16], "texture": "#0", "cullface": "east"},
				"south": {"uv": [0, 0, 16, 16], "texture": "#0", "cullface": "south"},
				"west": {"uv": [0, 0, 16, 16], "texture": "#0", "cullface": "west"},
				"up": {"uv": [0, 0, 16, 16], "texture": "#0", "cullface": "up"},
				"down": {"uv": [16, 16, 0, 0], "texture": "#0", "cullface": "down"}
			}
		},
		{
			"from": [-1.41206, 16, 0.84888],
			"to": [16.58794, 20, 0.84888],
			"shade": false,
			"rotation": {"angle": -22.5, "axis": "y", "origin": [-10.41206, 22, 4.84888]},
			"faces": {
				"north": {"uv": [4, 2, 13, 4], "texture": "#1"},
				"south": {"uv": [13, 2, 4, 4], "texture": "#1"}
			}
		},
		{
			"from": [14.58794, 20, 0.84888],
			"to": [15.58794, 21, 0.84888],
			"shade": false,
			"rotation": {"angle": -22.5, "axis": "y", "origin": [-10.41206, 22, 4.84888]},
			"faces": {
				"north": {"uv": [4.5, 1.5, 5, 2], "texture": "#1", "cullface": "up"},
				"south": {"uv": [4.5, 1.5, 5, 2], "texture": "#1", "cullface": "up"}
			}
		},
		{
			"from": [5.58794, 20, 0.84888],
			"to": [6.58794, 21, 0.84888],
			"shade": false,
			"rotation": {"angle": -22.5, "axis": "y", "origin": [-10.41206, 22, 4.84888]},
			"faces": {
				"north": {"uv": [9, 1.5, 9.5, 2], "texture": "#1", "cullface": "up"},
				"south": {"uv": [9, 1.5, 9.5, 2], "texture": "#1", "cullface": "up"}
			}
		},
		{
			"from": [6.58794, 20, 0.84888],
			"to": [14.58794, 22, 0.84888],
			"shade": false,
			"rotation": {"angle": -22.5, "axis": "y", "origin": [-10.41206, 22, 4.84888]},
			"faces": {
				"north": {"uv": [5, 1, 9, 2], "texture": "#1"},
				"south": {"uv": [9, 1, 5, 2], "texture": "#1", "cullface": "up"}
			}
		},
		{
			"from": [8.58794, 22, 0.84888],
			"to": [13.58794, 23, 0.84888],
			"shade": false,
			"rotation": {"angle": -22.5, "axis": "y", "origin": [-10.41206, 22, 4.84888]},
			"faces": {
				"north": {"uv": [5.5, 0.5, 8, 1], "texture": "#1", "cullface": "up"},
				"south": {"uv": [8, 0.5, 5.5, 1], "texture": "#1", "cullface": "up"}
			}
		},
		{
			"from": [-1.41206, 20, 0.84888],
			"to": [4.58794, 21, 0.84888],
			"shade": false,
			"rotation": {"angle": -22.5, "axis": "y", "origin": [-10.41206, 22, 4.84888]},
			"faces": {
				"north": {"uv": [10, 1.5, 13, 2], "texture": "#1", "cullface": "up"},
				"south": {"uv": [13, 1.5, 10, 2], "texture": "#1", "cullface": "up"}
			}
		},
		{
			"from": [-0.41206, 21, 0.84888],
			"to": [3.58794, 22, 0.84888],
			"shade": false,
			"rotation": {"angle": -22.5, "axis": "y", "origin": [-10.41206, 22, 4.84888]},
			"faces": {
				"north": {"uv": [10.5, 1, 12.5, 1.5], "texture": "#1", "cullface": "up"},
				"south": {"uv": [12.5, 1, 10.5, 1.5], "texture": "#1", "cullface": "up"}
			}
		},
		{
			"from": [-2.41206, -4, 0.84888],
			"to": [0.58794, 16, 0.84888],
			"shade": false,
			"rotation": {"angle": -22.5, "axis": "y", "origin": [-10.41206, 22, 4.84888]},
			"faces": {
				"north": {"uv": [12, 4, 13.5, 14], "texture": "#1", "cullface": "up"},
				"south": {"uv": [13.5, 4, 12, 14], "texture": "#1", "cullface": "up"}
			}
		},
		{
			"from": [-5.41206, 8, 0.84888],
			"to": [-2.41206, 16, 0.84888],
			"shade": false,
			"rotation": {"angle": -22.5, "axis": "y", "origin": [-10.41206, 22, 4.84888]},
			"faces": {
				"north": {"uv": [13.5, 4, 15, 8], "texture": "#1", "cullface": "up"},
				"south": {"uv": [15, 4, 13.5, 8], "texture": "#1", "cullface": "up"}
			}
		},
		{
			"from": [-3.41206, 16, 0.84888],
			"to": [-2.41206, 17, 0.84888],
			"shade": false,
			"rotation": {"angle": -22.5, "axis": "y", "origin": [-10.41206, 22, 4.84888]},
			"faces": {
				"north": {"uv": [13.5, 3.5, 14, 4], "texture": "#1", "cullface": "up"},
				"south": {"uv": [13.5, 3.5, 14, 4], "texture": "#1", "cullface": "up"}
			}
		},
		{
			"from": [-2.41206, 16, 0.84888],
			"to": [-1.41206, 18, 0.84888],
			"shade": false,
			"rotation": {"angle": -22.5, "axis": "y", "origin": [-10.41206, 24, 4.84888]},
			"faces": {
				"north": {"uv": [13, 3, 13.5, 4], "texture": "#1", "cullface": "up"},
				"south": {"uv": [13, 3, 13.5, 4], "texture": "#1", "cullface": "up"}
			}
		},
		{
			"from": [-6.41206, 9, 0.84888],
			"to": [-5.41206, 13, 0.84888],
			"shade": false,
			"rotation": {"angle": -22.5, "axis": "y", "origin": [-10.41206, 22, 4.84888]},
			"faces": {
				"north": {"uv": [15, 5.5, 15.5, 7.5], "texture": "#1", "cullface": "up"},
				"south": {"uv": [15, 5.5, 15.5, 7.5], "texture": "#1", "cullface": "up"}
			}
		},
		{
			"from": [-3.41206, 6, 0.84888],
			"to": [-2.41206, 8, 0.84888],
			"shade": false,
			"rotation": {"angle": -22.5, "axis": "y", "origin": [-10.41206, 22, 4.84888]},
			"faces": {
				"north": {"uv": [13.5, 8, 14, 9], "texture": "#1", "cullface": "up"},
				"south": {"uv": [13.5, 8, 14, 9], "texture": "#1", "cullface": "up"}
			}
		},
		{
			"from": [-4.41206, 7, 0.84888],
			"to": [-3.41206, 8, 0.84888],
			"shade": false,
			"rotation": {"angle": -22.5, "axis": "y", "origin": [-10.41206, 22, 4.84888]},
			"faces": {
				"north": {"uv": [14, 8, 14.5, 8.5], "texture": "#1", "cullface": "up"},
				"south": {"uv": [14, 8, 14.5, 8.5], "texture": "#1", "cullface": "up"}
			}
		},
		{
			"from": [-3.41206, -4, 0.84888],
			"to": [-2.41206, 5, 0.84888],
			"shade": false,
			"rotation": {"angle": -22.5, "axis": "y", "origin": [-10.41206, 22, 4.84888]},
			"faces": {
				"north": {"uv": [13.5, 9.5, 14, 14], "texture": "#1", "cullface": "up"},
				"south": {"uv": [13.5, 10, 14, 14], "texture": "#1", "cullface": "up"}
			}
		},
		{
			"from": [-4.41206, -3, 0.84888],
			"to": [-3.41206, 4, 0.84888],
			"shade": false,
			"rotation": {"angle": -22.5, "axis": "y", "origin": [-10.41206, 22, 4.84888]},
			"faces": {
				"north": {"uv": [14, 10, 14.5, 13.5], "texture": "#1", "cullface": "up"},
				"south": {"uv": [14, 10, 14.5, 13.5], "texture": "#1", "cullface": "up"}
			}
		},
		{
			"from": [-5.41206, -1, 0.84888],
			"to": [-4.41206, 1, 0.84888],
			"shade": false,
			"rotation": {"angle": -22.5, "axis": "y", "origin": [-10.41206, 22, 4.84888]},
			"faces": {
				"north": {"uv": [14.5, 11.5, 15, 12.5], "texture": "#1", "cullface": "up"},
				"south": {"uv": [14.5, 11.5, 15, 12.5], "texture": "#1", "cullface": "up"}
			}
		},
		{
			"from": [0.58794, -3, 0.84888],
			"to": [21.58794, 0, 0.84888],
			"shade": false,
			"rotation": {"angle": -22.5, "axis": "y", "origin": [-10.41206, 22, 4.84888]},
			"faces": {
				"north": {"uv": [1.5, 12, 12, 13.5], "texture": "#1", "cullface": "up"},
				"south": {"uv": [12, 12, 1.5, 13.5], "texture": "#1", "cullface": "up"}
			}
		},
		{
			"from": [0.58794, -4, 0.84888],
			"to": [3.58794, -3, 0.84888],
			"shade": false,
			"rotation": {"angle": -22.5, "axis": "y", "origin": [-10.41206, 22, 4.84888]},
			"faces": {
				"north": {"uv": [10.5, 13.5, 12, 14], "texture": "#1", "cullface": "up"},
				"south": {"uv": [10.5, 13.5, 12, 14], "texture": "#1", "cullface": "up"}
			}
		},
		{
			"from": [-1.41206, -5, 0.84888],
			"to": [1.58794, -4, 0.84888],
			"shade": false,
			"rotation": {"angle": -22.5, "axis": "y", "origin": [-10.41206, 22, 4.84888]},
			"faces": {
				"north": {"uv": [11.5, 14, 13, 14.5], "texture": "#1", "cullface": "up"},
				"south": {"uv": [11.5, 14, 13, 14.5], "texture": "#1", "cullface": "up"}
			}
		},
		{
			"from": [4.58794, -4, 0.84888],
			"to": [20.58794, -3, 0.84888],
			"shade": false,
			"rotation": {"angle": -22.5, "axis": "y", "origin": [-10.41206, 22, 4.84888]},
			"faces": {
				"north": {"uv": [2, 13.5, 10, 14], "texture": "#1", "cullface": "up"},
				"south": {"uv": [10, 13.5, 2, 14], "texture": "#1", "cullface": "up"}
			}
		},
		{
			"from": [4.58794, -5, 0.84888],
			"to": [13.58794, -4, 0.84888],
			"shade": false,
			"rotation": {"angle": -22.5, "axis": "y", "origin": [-10.41206, 22, 4.84888]},
			"faces": {
				"north": {"uv": [5.5, 14, 10, 14.5], "texture": "#1", "cullface": "up"},
				"south": {"uv": [10, 14, 5.5, 14.5], "texture": "#1", "cullface": "up"}
			}
		},
		{
			"from": [14.58794, -5, 0.84888],
			"to": [18.58794, -4, 0.84888],
			"shade": false,
			"rotation": {"angle": -22.5, "axis": "y", "origin": [-10.41206, 22, 4.84888]},
			"faces": {
				"north": {"uv": [3, 14, 5, 14.5], "texture": "#1", "cullface": "up"},
				"south": {"uv": [5, 14, 3, 14.5], "texture": "#1", "cullface": "up"}
			}
		},
		{
			"from": [6.58794, -6, 0.84888],
			"to": [12.58794, -5, 0.84888],
			"shade": false,
			"rotation": {"angle": -22.5, "axis": "y", "origin": [-10.41206, 22, 4.84888]},
			"faces": {
				"north": {"uv": [6, 14.5, 9, 15], "texture": "#1", "cullface": "up"},
				"south": {"uv": [9, 14.5, 6, 15], "texture": "#1", "cullface": "up"}
			}
		},
		{
			"from": [7.58794, -7, 0.84888],
			"to": [11.58794, -6, 0.84888],
			"shade": false,
			"rotation": {"angle": -22.5, "axis": "y", "origin": [-10.41206, 22, 4.84888]},
			"faces": {
				"north": {"uv": [6.5, 15, 8.5, 15.5], "texture": "#1", "cullface": "up"},
				"south": {"uv": [8.5, 15, 6.5, 15.5], "texture": "#1", "cullface": "up"}
			}
		},
		{
			"from": [15.58794, -6, 0.84888],
			"to": [16.58794, -5, 0.84888],
			"shade": false,
			"rotation": {"angle": -22.5, "axis": "y", "origin": [-10.41206, 22, 4.84888]},
			"faces": {
				"north": {"uv": [4, 14.5, 4.5, 15], "texture": "#1", "cullface": "up"},
				"south": {"uv": [4, 14.5, 4.5, 15], "texture": "#1", "cullface": "up"}
			}
		},
		{
			"from": [16.58794, 0, 0.84888],
			"to": [19.58794, 17, 0.84888],
			"shade": false,
			"rotation": {"angle": -22.5, "axis": "y", "origin": [-10.41206, 22, 4.84888]},
			"faces": {
				"north": {"uv": [2.5, 12, 4, 3.5], "texture": "#1", "cullface": "up"},
				"south": {"uv": [4, 3.5, 2.5, 12], "texture": "#1", "cullface": "up"}
			}
		},
		{
			"from": [19.58794, 5, 0.84888],
			"to": [21.58794, 15, 0.84888],
			"shade": false,
			"rotation": {"angle": -22.5, "axis": "y", "origin": [-10.41206, 22, 4.84888]},
			"faces": {
				"north": {"uv": [1.5, 9.5, 2.5, 4.5], "texture": "#1", "cullface": "up"},
				"south": {"uv": [2.5, 4.5, 1.5, 9.5], "texture": "#1", "cullface": "up"}
			}
		},
		{
			"from": [19.58794, 15, 0.84888],
			"to": [20.58794, 16, 0.84888],
			"shade": false,
			"rotation": {"angle": -22.5, "axis": "y", "origin": [-10.41206, 22, 4.84888]},
			"faces": {
				"north": {"uv": [2, 4, 2.5, 4.5], "texture": "#1", "cullface": "up"},
				"south": {"uv": [2, 4, 2.5, 4.5], "texture": "#1", "cullface": "up"}
			}
		},
		{
			"from": [21.58794, 5, 0.84888],
			"to": [22.58794, 13, 0.84888],
			"shade": false,
			"rotation": {"angle": -22.5, "axis": "y", "origin": [-10.41206, 22, 4.84888]},
			"faces": {
				"north": {"uv": [1, 5, 1.5, 9], "texture": "#1", "cullface": "up"},
				"south": {"uv": [1.5, 5, 1, 9], "texture": "#1", "cullface": "up"}
			}
		},
		{
			"from": [22.58794, 7, 0.84888],
			"to": [23.58794, 11, 0.84888],
			"shade": false,
			"rotation": {"angle": -22.5, "axis": "y", "origin": [-10.41206, 22, 4.84888]},
			"faces": {
				"north": {"uv": [0.5, 6, 1, 8], "texture": "#1", "cullface": "up"},
				"south": {"uv": [0.5, 6, 1, 8], "texture": "#1", "cullface": "up"}
			}
		},
		{
			"from": [19.58794, 4, 0.84888],
			"to": [20.58794, 5, 0.84888],
			"shade": false,
			"rotation": {"angle": -22.5, "axis": "y", "origin": [-10.41206, 22, 4.84888]},
			"faces": {
				"north": {"uv": [2, 9.5, 2.5, 10], "texture": "#1", "cullface": "up"},
				"south": {"uv": [2, 9.5, 2.5, 10], "texture": "#1", "cullface": "up"}
			}
		},
		{
			"from": [19.58794, 2, 0.84888],
			"to": [20.58794, 3, 0.84888],
			"shade": false,
			"rotation": {"angle": -22.5, "axis": "y", "origin": [-10.41206, 22, 4.84888]},
			"faces": {
				"north": {"uv": [2, 10.5, 2.5, 11], "texture": "#1", "cullface": "up"},
				"south": {"uv": [2, 10.5, 2.5, 11], "texture": "#1", "cullface": "up"}
			}
		},
		{
			"from": [19.58794, 0, 0.84888],
			"to": [21.58794, 2, 0.84888],
			"shade": false,
			"rotation": {"angle": -22.5, "axis": "y", "origin": [-10.41206, 22, 4.84888]},
			"faces": {
				"north": {"uv": [1.5, 11, 2.5, 12], "texture": "#1", "cullface": "up"},
				"south": {"uv": [2.5, 11, 1.5, 12], "texture": "#1", "cullface": "up"}
			}
		},
		{
			"from": [8.58794, 16, -9.15112],
			"to": [8.58794, 20, 8.84888],
			"shade": false,
			"rotation": {"angle": -22.5, "axis": "y", "origin": [-10.41206, 22, 4.84888]},
			"faces": {
				"east": {"uv": [4, 2, 13, 4], "texture": "#1"},
				"west": {"uv": [13, 2, 4, 4], "texture": "#1"}
			}
		},
		{
			"from": [8.58794, 20, 6.84888],
			"to": [8.58794, 21, 7.84888],
			"shade": false,
			"rotation": {"angle": -22.5, "axis": "y", "origin": [-10.41206, 22, 4.84888]},
			"faces": {
				"east": {"uv": [4.5, 1.5, 5, 2], "texture": "#1", "cullface": "up"},
				"west": {"uv": [4.5, 1.5, 5, 2], "texture": "#1", "cullface": "up"}
			}
		},
		{
			"from": [8.58794, 20, -2.15112],
			"to": [8.58794, 21, -1.15112],
			"shade": false,
			"rotation": {"angle": -22.5, "axis": "y", "origin": [-10.41206, 22, 4.84888]},
			"faces": {
				"east": {"uv": [9, 1.5, 9.5, 2], "texture": "#1", "cullface": "up"},
				"west": {"uv": [9, 1.5, 9.5, 2], "texture": "#1", "cullface": "up"}
			}
		},
		{
			"from": [8.58794, 20, -1.15112],
			"to": [8.58794, 22, 6.84888],
			"shade": false,
			"rotation": {"angle": -22.5, "axis": "y", "origin": [-10.41206, 22, 4.84888]},
			"faces": {
				"east": {"uv": [5, 1, 9, 2], "texture": "#1", "cullface": "up"},
				"west": {"uv": [9, 1, 5, 2], "texture": "#1", "cullface": "up"}
			}
		},
		{
			"from": [8.58794, 22, 0.84888],
			"to": [8.58794, 23, 5.84888],
			"shade": false,
			"rotation": {"angle": -22.5, "axis": "y", "origin": [-10.41206, 22, 4.84888]},
			"faces": {
				"east": {"uv": [5.5, 0.5, 8, 1], "texture": "#1", "cullface": "up"},
				"west": {"uv": [8, 0.5, 5.5, 1], "texture": "#1", "cullface": "up"}
			}
		},
		{
			"from": [8.58794, 20, -9.15112],
			"to": [8.58794, 21, -3.15112],
			"shade": false,
			"rotation": {"angle": -22.5, "axis": "y", "origin": [-10.41206, 22, 4.84888]},
			"faces": {
				"east": {"uv": [10, 1.5, 13, 2], "texture": "#1", "cullface": "up"},
				"west": {"uv": [13, 1.5, 10, 2], "texture": "#1", "cullface": "up"}
			}
		},
		{
			"from": [8.58794, 21, -8.15112],
			"to": [8.58794, 22, -4.15112],
			"shade": false,
			"rotation": {"angle": -22.5, "axis": "y", "origin": [-10.41206, 22, 4.84888]},
			"faces": {
				"east": {"uv": [10.5, 1, 12.5, 1.5], "texture": "#1", "cullface": "up"},
				"west": {"uv": [12.5, 1, 10.5, 1.5], "texture": "#1", "cullface": "up"}
			}
		},
		{
			"from": [8.58794, -4, -10.15112],
			"to": [8.58794, 16, -7.15112],
			"shade": false,
			"rotation": {"angle": -22.5, "axis": "y", "origin": [-10.41206, 22, 4.84888]},
			"faces": {
				"east": {"uv": [12, 4, 13.5, 14], "texture": "#1", "cullface": "up"},
				"west": {"uv": [13.5, 4, 12, 14], "texture": "#1", "cullface": "up"}
			}
		},
		{
			"from": [8.58794, 8, -13.15112],
			"to": [8.58794, 16, -10.15112],
			"shade": false,
			"rotation": {"angle": -22.5, "axis": "y", "origin": [-10.41206, 22, 4.84888]},
			"faces": {
				"east": {"uv": [13.5, 4, 15, 8], "texture": "#1", "cullface": "up"},
				"west": {"uv": [15, 4, 13.5, 8], "texture": "#1", "cullface": "up"}
			}
		},
		{
			"from": [8.58794, 16, -11.15112],
			"to": [8.58794, 17, -10.15112],
			"shade": false,
			"rotation": {"angle": -22.5, "axis": "y", "origin": [-10.41206, 22, 4.84888]},
			"faces": {
				"east": {"uv": [13.5, 3.5, 14, 4], "texture": "#1", "cullface": "up"},
				"west": {"uv": [13.5, 3.5, 14, 4], "texture": "#1", "cullface": "up"}
			}
		},
		{
			"from": [8.58794, 16, -10.15112],
			"to": [8.58794, 18, -9.15112],
			"shade": false,
			"rotation": {"angle": -22.5, "axis": "y", "origin": [-10.41206, 24, 4.84888]},
			"faces": {
				"east": {"uv": [13, 3, 13.5, 4], "texture": "#1", "cullface": "up"},
				"west": {"uv": [13, 3, 13.5, 4], "texture": "#1", "cullface": "up"}
			}
		},
		{
			"from": [8.58794, 9, -14.15112],
			"to": [8.58794, 13, -13.15112],
			"shade": false,
			"rotation": {"angle": -22.5, "axis": "y", "origin": [-10.41206, 22, 4.84888]},
			"faces": {
				"east": {"uv": [15, 5.5, 15.5, 7.5], "texture": "#1", "cullface": "up"},
				"west": {"uv": [15, 5.5, 15.5, 7.5], "texture": "#1", "cullface": "up"}
			}
		},
		{
			"from": [8.58794, 6, -11.15112],
			"to": [8.58794, 8, -10.15112],
			"shade": false,
			"rotation": {"angle": -22.5, "axis": "y", "origin": [-10.41206, 22, 4.84888]},
			"faces": {
				"east": {"uv": [13.5, 8, 14, 9], "texture": "#1", "cullface": "up"},
				"west": {"uv": [13.5, 8, 14, 9], "texture": "#1", "cullface": "up"}
			}
		},
		{
			"from": [8.58794, 7, -12.15112],
			"to": [8.58794, 8, -11.15112],
			"shade": false,
			"rotation": {"angle": -22.5, "axis": "y", "origin": [-10.41206, 22, 4.84888]},
			"faces": {
				"east": {"uv": [14, 8, 14.5, 8.5], "texture": "#1", "cullface": "up"},
				"west": {"uv": [14, 8, 14.5, 8.5], "texture": "#1", "cullface": "up"}
			}
		},
		{
			"from": [8.58794, -4, -11.15112],
			"to": [8.58794, 5, -10.15112],
			"shade": false,
			"rotation": {"angle": -22.5, "axis": "y", "origin": [-10.41206, 22, 4.84888]},
			"faces": {
				"east": {"uv": [13.5, 9.5, 14, 14], "texture": "#1", "cullface": "up"},
				"west": {"uv": [13.5, 10, 14, 14], "texture": "#1", "cullface": "up"}
			}
		},
		{
			"from": [8.58794, -3, -12.15112],
			"to": [8.58794, 4, -11.15112],
			"shade": false,
			"rotation": {"angle": -22.5, "axis": "y", "origin": [-10.41206, 22, 4.84888]},
			"faces": {
				"east": {"uv": [14, 10, 14.5, 13.5], "texture": "#1", "cullface": "up"},
				"west": {"uv": [14, 10, 14.5, 13.5], "texture": "#1", "cullface": "up"}
			}
		},
		{
			"from": [8.58794, -1, -13.15112],
			"to": [8.58794, 1, -12.15112],
			"shade": false,
			"rotation": {"angle": -22.5, "axis": "y", "origin": [-10.41206, 22, 4.84888]},
			"faces": {
				"east": {"uv": [14.5, 11.5, 15, 12.5], "texture": "#1", "cullface": "up"},
				"west": {"uv": [14.5, 11.5, 15, 12.5], "texture": "#1", "cullface": "up"}
			}
		},
		{
			"from": [8.58794, -3, -7.15112],
			"to": [8.58794, 0, 13.84888],
			"shade": false,
			"rotation": {"angle": -22.5, "axis": "y", "origin": [-10.41206, 22, 4.84888]},
			"faces": {
				"east": {"uv": [1.5, 12, 12, 13.5], "texture": "#1", "cullface": "up"},
				"west": {"uv": [12, 12, 1.5, 13.5], "texture": "#1", "cullface": "up"}
			}
		},
		{
			"from": [8.58794, -4, -7.15112],
			"to": [8.58794, -3, -4.15112],
			"shade": false,
			"rotation": {"angle": -22.5, "axis": "y", "origin": [-10.41206, 22, 4.84888]},
			"faces": {
				"east": {"uv": [10.5, 13.5, 12, 14], "texture": "#1", "cullface": "up"},
				"west": {"uv": [10.5, 13.5, 12, 14], "texture": "#1", "cullface": "up"}
			}
		},
		{
			"from": [8.58794, -5, -9.15112],
			"to": [8.58794, -4, -6.15112],
			"shade": false,
			"rotation": {"angle": -22.5, "axis": "y", "origin": [-10.41206, 22, 4.84888]},
			"faces": {
				"east": {"uv": [11.5, 14, 13, 14.5], "texture": "#1", "cullface": "up"},
				"west": {"uv": [11.5, 14, 13, 14.5], "texture": "#1", "cullface": "up"}
			}
		},
		{
			"from": [8.58794, -4, -3.15112],
			"to": [8.58794, -3, 12.84888],
			"shade": false,
			"rotation": {"angle": -22.5, "axis": "y", "origin": [-10.41206, 22, 4.84888]},
			"faces": {
				"east": {"uv": [2, 13.5, 10, 14], "texture": "#1", "cullface": "up"},
				"west": {"uv": [10, 13.5, 2, 14], "texture": "#1", "cullface": "up"}
			}
		},
		{
			"from": [8.58794, -5, -3.15112],
			"to": [8.58794, -4, 5.84888],
			"shade": false,
			"rotation": {"angle": -22.5, "axis": "y", "origin": [-10.41206, 22, 4.84888]},
			"faces": {
				"east": {"uv": [5.5, 14, 10, 14.5], "texture": "#1", "cullface": "up"},
				"west": {"uv": [10, 14, 5.5, 14.5], "texture": "#1", "cullface": "up"}
			}
		},
		{
			"from": [8.58794, -5, 6.84888],
			"to": [8.58794, -4, 10.84888],
			"shade": false,
			"rotation": {"angle": -22.5, "axis": "y", "origin": [-10.41206, 22, 4.84888]},
			"faces": {
				"east": {"uv": [3, 14, 5, 14.5], "texture": "#1", "cullface": "up"},
				"west": {"uv": [5, 14, 3, 14.5], "texture": "#1", "cullface": "up"}
			}
		},
		{
			"from": [8.58794, -6, -1.15112],
			"to": [8.58794, -5, 4.84888],
			"shade": false,
			"rotation": {"angle": -22.5, "axis": "y", "origin": [-10.41206, 22, 4.84888]},
			"faces": {
				"east": {"uv": [6, 14.5, 9, 15], "texture": "#1", "cullface": "up"},
				"west": {"uv": [9, 14.5, 6, 15], "texture": "#1", "cullface": "up"}
			}
		},
		{
			"from": [8.58794, -7, -0.15112],
			"to": [8.58794, -6, 3.84888],
			"shade": false,
			"rotation": {"angle": -22.5, "axis": "y", "origin": [-10.41206, 22, 4.84888]},
			"faces": {
				"east": {"uv": [6.5, 15, 8.5, 15.5], "texture": "#1", "cullface": "up"},
				"west": {"uv": [8.5, 15, 6.5, 15.5], "texture": "#1", "cullface": "up"}
			}
		},
		{
			"from": [8.58794, -6, 7.84888],
			"to": [8.58794, -5, 8.84888],
			"shade": false,
			"rotation": {"angle": -22.5, "axis": "y", "origin": [-10.41206, 22, 4.84888]},
			"faces": {
				"east": {"uv": [4, 14.5, 4.5, 15], "texture": "#1", "cullface": "up"},
				"west": {"uv": [4, 14.5, 4.5, 15], "texture": "#1", "cullface": "up"}
			}
		},
		{
			"from": [8.58794, 0, 8.84888],
			"to": [8.58794, 17, 11.84888],
			"shade": false,
			"rotation": {"angle": -22.5, "axis": "y", "origin": [-10.41206, 22, 4.84888]},
			"faces": {
				"east": {"uv": [2.5, 12, 4, 3.5], "texture": "#1", "cullface": "up"},
				"west": {"uv": [4, 3.5, 2.5, 12], "texture": "#1", "cullface": "up"}
			}
		},
		{
			"from": [8.58794, 5, 11.84888],
			"to": [8.58794, 15, 13.84888],
			"shade": false,
			"rotation": {"angle": -22.5, "axis": "y", "origin": [-10.41206, 22, 4.84888]},
			"faces": {
				"east": {"uv": [1.5, 9.5, 2.5, 4.5], "texture": "#1", "cullface": "up"},
				"west": {"uv": [2.5, 4.5, 1.5, 9.5], "texture": "#1", "cullface": "up"}
			}
		},
		{
			"from": [8.58794, 15, 11.84888],
			"to": [8.58794, 16, 12.84888],
			"shade": false,
			"rotation": {"angle": -22.5, "axis": "y", "origin": [-10.41206, 22, 4.84888]},
			"faces": {
				"east": {"uv": [2, 4, 2.5, 4.5], "texture": "#1", "cullface": "up"},
				"west": {"uv": [2, 4, 2.5, 4.5], "texture": "#1", "cullface": "up"}
			}
		},
		{
			"from": [8.58794, 5, 13.84888],
			"to": [8.58794, 13, 14.84888],
			"shade": false,
			"rotation": {"angle": -22.5, "axis": "y", "origin": [-10.41206, 22, 4.84888]},
			"faces": {
				"east": {"uv": [1, 5, 1.5, 9], "texture": "#1", "cullface": "up"},
				"west": {"uv": [1.5, 5, 1, 9], "texture": "#1", "cullface": "up"}
			}
		},
		{
			"from": [8.58794, 7, 14.84888],
			"to": [8.58794, 11, 15.84888],
			"shade": false,
			"rotation": {"angle": -22.5, "axis": "y", "origin": [-10.41206, 22, 4.84888]},
			"faces": {
				"east": {"uv": [0.5, 6, 1, 8], "texture": "#1", "cullface": "up"},
				"west": {"uv": [0.5, 6, 1, 8], "texture": "#1", "cullface": "up"}
			}
		},
		{
			"from": [8.58794, 4, 11.84888],
			"to": [8.58794, 5, 12.84888],
			"shade": false,
			"rotation": {"angle": -22.5, "axis": "y", "origin": [-10.41206, 22, 4.84888]},
			"faces": {
				"east": {"uv": [2, 9.5, 2.5, 10], "texture": "#1", "cullface": "up"},
				"west": {"uv": [2, 9.5, 2.5, 10], "texture": "#1", "cullface": "up"}
			}
		},
		{
			"from": [8.58794, 2, 11.84888],
			"to": [8.58794, 3, 12.84888],
			"shade": false,
			"rotation": {"angle": -22.5, "axis": "y", "origin": [-10.41206, 22, 4.84888]},
			"faces": {
				"east": {"uv": [2, 10.5, 2.5, 11], "texture": "#1", "cullface": "up"},
				"west": {"uv": [2, 10.5, 2.5, 11], "texture": "#1", "cullface": "up"}
			}
		},
		{
			"from": [8.58794, 0, 11.84888],
			"to": [8.58794, 2, 13.84888],
			"shade": false,
			"rotation": {"angle": -22.5, "axis": "y", "origin": [-10.41206, 22, 4.84888]},
			"faces": {
				"east": {"uv": [1.5, 11, 2.5, 12], "texture": "#1", "cullface": "up"},
				"west": {"uv": [2.5, 11, 1.5, 12], "texture": "#1", "cullface": "up"}
			}
		}
	],
	"groups": [
		0,
		{
			"name": "group",
			"origin": [-10.41206, 22, 4.84888],
			"color": 0,
			"shade": false,
			"children": [1, 2, 3, 4, 5, 6, 7, 8, 9, 10, 11, 12, 13, 14, 15, 16, 17, 18, 19, 20, 21, 22, 23, 24, 25, 26, 27, 28, 29, 30, 31, 32, 33, 34]
		},
		{
			"name": "group",
			"origin": [-10.41206, 22, 4.84888],
			"color": 0,
			"shade": false,
			"children": [35, 36, 37, 38, 39, 40, 41, 42, 43, 44, 45, 46, 47, 48, 49, 50, 51, 52, 53, 54, 55, 56, 57, 58, 59, 60, 61, 62, 63, 64, 65, 66, 67, 68]
		}
	]
}